key,value
"N",101
"Y","[0 1 2 3 4 5 6 7 8 9 10 11 12 13 14 15 16 17 18 19 20 21 22 23 24 25 26 27 28 29 30 31 32 33 34 35 36 37 38 39 40 41 42 43 44 45 46 47 48 49 50 51 52 53 54 55 56 57 58 59 60 61 62 63 64 65 66 67 68 69 70 71 72 73 74 75 76 77 78 79 80 81 82 83 84 85 86 87 88 89 90 91 92 93 94 95 96 97 98 99 100]"
"area_data","[162 162 162 162 162 162 162 207 207 441 441 441 576 576 576 225 225 225 225 225 225 225 405 405 405 1080 15660 15660 22140 22140 14040 14040 14040 14040 14040 97200 97200 97200 97200 97200 64800 64800 64800 64800 64800 75000 75000 75000 75000 75000 75000 75000 50000 50000 50000 50000 50000 50000 50000 50000 37500 37500 37500 37500 37500 37500 37500 37500 37500 37500 25000 25000 25000 25000 25000 25000 25000 25000 25000 25000 82500 82500 82500 82500 82500 82500 82500 82500 82500 82500 82500 82500 82500 82500 82500 82500 82500 82500 82500 82500 82500 0 0 0 0 0 0 0 0 0 0 0 0 0 0 0 0 0 0 0 0 0 0 0 0 0 0 0 0 0 0 5 5 5 5 5 50 50 50 50 50 50 50 50 50 50 500 500 500 500 500 500 500 1500 1500 1500 1500 1500 1500 1500 1500 5000 5000 5000 5000 5000 5000 5000 5000 5000 5000 10000 10000 10000 10000 10000 10000 10000 10000 10000 10000 25000 25000 25000 25000 25000 25000 25000 25000 25000 25000 25000 25000 25000 25000 25000 25000 25000 25000 25000 25000 25000 0 0 0 0 0 0 0 0 0 0 0 0 0 0 0 0 0 0 0 0 0 0 0 0 0 0 0 0 0 0 0 0 0 0 0 2 2.46228882669 3.03143313302 3.73213196615 4.59479341999 5.65685424949 6.96440450637 8.57418770029 10.5560632862 12.9960383417 16 18.6546304189 21.7497022541 25.3582910794 29.5655967588 34.4709550405 40.1901829042 46.858313034 54.6327819813 63.6971472886 74.2654213378 86.5871242474 100.953175117 117.702760714 137.231343775 160 179.522952688 201.428065887 226.00600714 253.582910794 284.524705606 319.241970395 358.195382171 401.901829042 450.941269002 505.964425627 567.701422774 636.971472886 714.693747442 801.899573804 899.746120305 1009.53175117 1132.71325501 1270.92517556 1426.00150101 1600 1795.22952688 2014.28065887 2260.0600714 2535.82910794 2845.24705606 3192.41970395 3581.95382171 4019.01829042 4509.41269002 5059.64425627 5677.01422774 6369.71472886 7146.93747442 8018.99573804 8997.46120305 10095.3175117 11327.1325501 12709.2517556 14260.0150101 16000 8.1 8.1 8.1 8.1 8.1 8.1 8.1 10.35 10.35 22.05 22.05 22.05 28.8 28.8 28.8 11.25 11.25 11.25 11.25 11.25 11.25 11.25 20.25 20.25 20.25 54 783 783 1107 1107 702 702 702 702 702 4860 4860 4860 4860 4860 3240 3240 3240 3240 3240 3750 3750 3750 3750 3750 3750 3750 2500 2500 2500 2500 2500 2500 2500 2500 1875 1875 1875 1875 1875 1875 1875 1875 1875 1875 1250 1250 1250 1250 1250 1250 1250 1250 1250 1250 4125 4125 4125 4125 4125 4125 4125 4125 4125 4125 4125 4125 4125 4125 4125 4125 4125 4125 4125 4125 4125 500 500 500 500 500 500 500 500 500 500 500 500 500 500 500 500 500 500 500 500 500 500 500 500 500 1000 1000 1000 1000 1000 1000 1000 1000 1000 1000 1000 1000 1000 1000 1000 1000 1000 1000 1000 1000 1500 1500 1500 1500 1500 1500 1500 1500 1500 1500 1500 1500 1500 1500 1500 2000 2000 2000 2000 2000 2000 2000 2000 2000 2000 2000 2000 2000 2000 2000 2000 2000 2000 2000 2000 2000 2000 2000 2000 2000 2000 2000 2000 2000 2000 2000 2000 2000 2000 2000 2000 2000 2000 2000 2000 2000]"
"area_env","[0 0 0 0 0 0 0 0 0 0 0 0 0 0 0 0 0 0 0 8.98413063149e-06 1.09517779109e-05 1.33503668112e-05 1.62742794316e-05 1.98385688394e-05 2.41834862951e-05 2.948e-05 0.000200052578343 0.00135756560725 0.0092125 0.0092125 0.0092125 0.0092125 0.0092125 0.0092125 0.0092125 0.0092125 0.0113419179079 0.013963538869 0.0171911328691 0.0211647671908 0.0260568848867 0.0320797882575 0.0394948520945 0.048623866512 0.0598630016115 0.0737 0.085927891367 0.100184566008 0.116806628284 0.13618653007 0.158781836655 0.185126030002 0.215841104413 0.251652252002 0.293404984698 0.342085097037 0.398841941065 0.465015562882 0.542168341537 0.632121877261 0.737 0.826927600821 0.927828028492 1.04104017039 1.16806628284 1.3105919252 1.47050832613 1.64993747912 1.85126030002 2.07714822034 2.33059863554 2.61497467865 2.93404984698 3.29205807415 3.69374991183 4.14445556665 4.65015562882 5.21756043091 5.85419908992 6.56851941405 7.37 8.26927600821 9.27828028492 10.4104017039 11.6806628284 13.105919252 14.7050832613 16.4993747912 18.5126030002 20.7714822034 23.3059863554 26.1497467865 29.3404984698 32.9205807415 36.9374991183 41.4445556665 46.5015562882 52.1756043091 58.5419908992 65.6851941405 73.7 0 0 0 0 0 0 0 0 0 0.0192375 0.038475 0.0577125 0.07695 0.0961875 0.115425 0.1346625 0.1539 0.1731375 0.192375 0.2116125 0.23085 0.2500875 0.269325 0.2885625 0.3078 0.3655125 0.423225 0.4809375 0.53865 0.577125 0.6156 0.654075 0.69255 0.731025 0.7695 0.8656875 0.961875 1.0580625 1.15425 1.2504375 1.346625 1.4428125 1.539 1.6351875 1.731375 1.808325 1.885275 1.962225 2.039175 2.116125 2.193075 2.270025 2.346975 2.423925 2.500875 2.5201125 2.53935 2.5585875 2.577825 2.5970625 2.6355375 2.6740125 2.7124875 2.7509625 2.7894375 2.808675 2.8279125 2.84715 2.8663875 2.885625 2.9048625 2.9241 2.9433375 2.962575 2.9818125 3.00105 3.0202875 3.039525 3.0587625 3.078 3.116475 3.15495 3.193425 3.2319 3.270375 3.30885 3.347325 3.3858 3.424275 3.46275 3.501225 3.5397 3.578175 3.61665 3.655125 3.6936 3.732075 3.77055 3.809025 3.8475 3.8475 -0.0013167 -0.0013167 -0.0013167 -0.0013167 -0.0013167 -0.0013167 -0.0013167 -0.00168245 -0.00168245 -0.00358435 -0.00358435 -0.00358435 -0.0046816 -0.0046816 -0.0046816 -0.00182875 -0.00182875 -0.00182875 -0.00182875 -0.00182875 -0.00182875 -0.00182875 -0.00329175 -0.00329175 -0.00329175 -0.01463 -0.212135 -0.212135 -0.299915 -0.299915 -0.19019 -0.19019 -0.19019 -0.19019 -0.19019 -1.3167 -1.3167 -1.3167 -1.3167 -1.3167 -0.8778 -0.8778 -0.8778 -0.8778 -0.8778 -2.1945 -2.1945 -2.1945 -2.1945 -2.1945 -2.1945 -2.1945 -1.463 -1.463 -1.463 -1.463 -1.463 -1.463 -1.463 -1.463 -1.09725 -1.09725 -1.09725 -1.09725 -1.09725 -1.09725 -1.09725 -1.09725 -1.09725 -1.09725 -0.7315 -0.7315 -0.7315 -0.7315 -0.7315 -0.7315 -0.7315 -0.7315 -0.7315 -0.7315 -2.41395 -2.41395 -2.41395 -2.41395 -2.41395 -2.41395 -2.41395 -2.41395 -2.41395 -2.41395 -2.41395 -2.41395 -2.41395 -2.41395 -2.41395 -2.41395 -2.41395 -2.41395 -2.41395 -2.41395 -2.41395]"
"baseline_npv",-0.910858972817
"be_direct","zeros(1,0)"
"be_total","zeros(1,0)"
"canister_cost_p12",16000
"canister_options","[42000 16000 4600]"
"cargo_flights","[0.18 0.18 0.18 0.18 0.18 0.18 0.18 0.23 0.23 0.49 0.49 0.49 0.64 0.64 0.64 0.25 0.25 0.25 0.25 0.25 0.25 0.25 0.45 0.45 0.45 2 29 29 41 41 26 26 26 26 26 180 180 180 180 180 120 120 120 120 120 300 300 300 300 300 300 300 200 200 200 200 200 200 200 200 150 150 150 150 150 150 150 150 150 150 100 100 100 100 100 100 100 100 100 100 330 330 330 330 330 330 330 330 330 330 330 330 330 330 330 330 330 330 330 330 330]"
"co2_avoided_h2","[0 0 0 0 0 0 0 0 0 101250 202500 303750 405000 506250 607500 708750 810000 911250 1012500 1113750 1215000 1316250 1417500 1518750 1620000 1923750 2227500 2531250 2835000 3037500 3240000 3442500 3645000 3847500 4050000 4556250 5062500 5568750 6075000 6581250 7087500 7593750 8100000 8606250 9112500 9517500 9922500 10327500 10732500 11137500 11542500 11947500 12352500 12757500 13162500 13263750 13365000 13466250 13567500 13668750 13871250 14073750 14276250 14478750 14681250 14782500 14883750 14985000 15086250 15187500 15288750 15390000 15491250 15592500 15693750 15795000 15896250 15997500 16098750 16200000 16402500 16605000 16807500 17010000 17212500 17415000 17617500 17820000 18022500 18225000 18427500 18630000 18832500 19035000 19237500 19440000 19642500 19845000 20047500 20250000 20250000]"
"co2_avoided_per_h2",9
"co2_per_launch",2750
"co2_rockets","[6930 6930 6930 6930 6930 6930 6930 8855 8855 18865 18865 18865 24640 24640 24640 9625 9625 9625 9625 9625 9625 9625 17325 17325 17325 77000 1116500 1116500 1578500 1578500 1001000 1001000 1001000 1001000 1001000 6930000 6930000 6930000 6930000 6930000 4620000 4620000 4620000 4620000 4620000 11550000 11550000 11550000 11550000 11550000 11550000 11550000 7700000 7700000 7700000 7700000 7700000 7700000 7700000 7700000 5775000 5775000 5775000 5775000 5775000 5775000 5775000 5775000 5775000 5775000 3850000 3850000 3850000 3850000 3850000 3850000 3850000 3850000 3850000 3850000 12705000 12705000 12705000 12705000 12705000 12705000 12705000 12705000 12705000 12705000 12705000 12705000 12705000 12705000 12705000 12705000 12705000 12705000 12705000 12705000 12705000]"
"contingency","[1.5 1.5 1.5 1.5 1.5 1.5 1.5 1.5 1.5 1.5 1.5 1.5 1.5 1.5 1.5 1.5 1.5 1.5 1.5 1.5 1.5 1.5 1.5 1.5 1.5 1.35 1.35 1.35 1.35 1.35 1.35 1.35 1.35 1.35 1.35 1.35 1.35 1.35 1.35 1.35 1.35 1.35 1.35 1.35 1.35 1.25 1.25 1.25 1.25 1.25 1.25 1.25 1.25 1.25 1.25 1.25 1.25 1.25 1.25 1.25 1.25 1.25 1.25 1.25 1.25 1.25 1.25 1.25 1.25 1.25 1.25 1.25 1.25 1.25 1.25 1.25 1.25 1.25 1.25 1.25 1.25 1.25 1.25 1.25 1.25 1.25 1.25 1.25 1.25 1.25 1.25 1.25 1.25 1.25 1.25 1.25 1.25 1.25 1.25 1.25 1.25]"
"cost_can_k","[0 0 0 0 0 0 0 0 0 0 0 0 0 0 0 0 0 0 0 0 0 0 0 0 0 0 0 0 0 0 0 0 0 0 0 0.575 0.707908037673 0.871537025743 1.07298794027 1.32100310825 1.62634559673 2.00226629558 2.46507896383 3.03486819478 3.73636102324 4.6 5.36320624543 6.25303939804 7.29050868532 8.50010906814 9.91039957415 11.5546775849 13.4717649973 15.7069248196 18.3129298455 21.3513086346 24.8937982211 29.0240378461 33.8395437051 39.4540113352 46 51.6128488979 57.9105689425 64.9767270526 72.9050868532 81.8008528618 91.7820664886 102.981172374 115.546775849 129.645614838 145.464772368 163.214159047 183.129298455 205.474452389 230.546127469 258.677009588 290.240378461 325.655060817 365.390987973 409.975431542 460 516.128488979 579.105689425 649.767270526 729.050868532 818.008528618 917.820664886 1029.81172374 1155.46775849 1296.45614838 1454.64772368 1632.14159047 1831.29298455 2054.74452389 2305.46127469 2586.77009588 2902.40378461 3256.55060817 3653.90987973 4099.75431542 4600]"
"cost_canister","[0 0 0 0 0 0 0 0 0 0 0 0 0 0 0 0 0 0 0 0 0 0 0 0 0 0 0 0 0 0 0 0 0 0 0 2 2.46228882669 3.03143313302 3.73213196615 4.59479341999 5.65685424949 6.96440450637 8.57418770029 10.5560632862 12.9960383417 16 18.6546304189 21.7497022541 25.3582910794 29.5655967588 34.4709550405 40.1901829042 46.858313034 54.6327819813 63.6971472886 74.2654213378 86.5871242474 100.953175117 117.702760714 137.231343775 160 179.522952688 201.428065887 226.00600714 253.582910794 284.524705606 319.241970395 358.195382171 401.901829042 450.941269002 505.964425627 567.701422774 636.971472886 714.693747442 801.899573804 899.746120305 1009.53175117 1132.71325501 1270.92517556 1426.00150101 1600 1795.22952688 2014.28065887 2260.0600714 2535.82910794 2845.24705606 3192.41970395 3581.95382171 4019.01829042 4509.41269002 5059.64425627 5677.01422774 6369.71472886 7146.93747442 8018.99573804 8997.46120305 10095.3175117 11327.1325501 12709.2517556 14260.0150101 16000]"
"cost_insitu","[0 0 0 0 0 0 0 0 0 0 0 0 0 0 0 0 0 0 0 0 0 0 0 0 0 0 0 0 0 0 5 5 5 5 5 50 50 50 50 50 50 50 50 50 50 500 500 500 500 500 500 500 1500 1500 1500 1500 1500 1500 1500 1500 5000 5000 5000 5000 5000 5000 5000 5000 5000 5000 10000 10000 10000 10000 10000 10000 10000 10000 10000 10000 25000 25000 25000 25000 25000 25000 25000 25000 25000 25000 25000 25000 25000 25000 25000 25000 25000 25000 25000 25000 25000]"
"cost_launch","[162 162 162 162 162 162 162 207 207 441 441 441 576 576 576 225 225 225 225 225 225 225 405 405 405 1080 15660 15660 22140 22140 14040 14040 14040 14040 14040 97200 97200 97200 97200 97200 64800 64800 64800 64800 64800 75000 75000 75000 75000 75000 75000 75000 50000 50000 50000 50000 50000 50000 50000 50000 37500 37500 37500 37500 37500 37500 37500 37500 37500 37500 25000 25000 25000 25000 25000 25000 25000 25000 25000 25000 82500 82500 82500 82500 82500 82500 82500 82500 82500 82500 82500 82500 82500 82500 82500 82500 82500 82500 82500 82500 82500]"
"cost_launch_k","[81 81 81 81 81 81 81 103.5 103.5 220.5 220.5 220.5 288 288 288 112.5 112.5 112.5 112.5 112.5 112.5 112.5 202.5 202.5 202.5 540 7830 7830 11070 11070 7020 7020 7020 7020 7020 48600 48600 48600 48600 48600 32400 32400 32400 32400 32400 37500 37500 37500 37500 37500 37500 37500 25000 25000 25000 25000 25000 25000 25000 25000 18750 18750 18750 18750 18750 18750 18750 18750 18750 18750 12500 12500 12500 12500 12500 12500 12500 12500 12500 12500 41250 41250 41250 41250 41250 41250 41250 41250 41250 41250 41250 41250 41250 41250 41250 41250 41250 41250 41250 41250 41250]"
"cost_launch_old","[162 162 162 162 162 162 162 207 207 441 441 441 576 576 576 225 225 225 225 225 225 225 405 405 405 10603.44 25183.44 25183.44 31663.44 31663.44 23563.44 23563.44 23563.44 23563.44 23563.44 198755.1 198755.1 198755.1 198755.1 198755.1 166355.1 166355.1 166355.1 166355.1 166355.1 75000 75000 75000 75000 75000 75000 75000 50000 50000 50000 50000 50000 50000 50000 50000 37500 37500 37500 37500 37500 37500 37500 37500 37500 37500 25000 25000 25000 25000 25000 25000 25000 25000 25000 25000 82500 82500 82500 82500 82500 82500 82500 82500 82500 82500 82500 82500 82500 82500 82500 82500 82500 82500 82500 82500 82500]"
"cost_ops","[8.1 8.1 8.1 8.1 8.1 8.1 8.1 10.35 10.35 22.05 22.05 22.05 28.8 28.8 28.8 11.25 11.25 11.25 11.25 11.25 11.25 11.25 20.25 20.25 20.25 54 783 783 1107 1107 702 702 702 702 702 4860 4860 4860 4860 4860 3240 3240 3240 3240 3240 3750 3750 3750 3750 3750 3750 3750 2500 2500 2500 2500 2500 2500 2500 2500 1875 1875 1875 1875 1875 1875 1875 1875 1875 1875 1250 1250 1250 1250 1250 1250 1250 1250 1250 1250 4125 4125 4125 4125 4125 4125 4125 4125 4125 4125 4125 4125 4125 4125 4125 4125 4125 4125 4125 4125 4125]"
"cost_rd","[500 500 500 500 500 500 500 500 500 500 500 500 500 500 500 500 500 500 500 500 500 500 500 500 500 1000 1000 1000 1000 1000 1000 1000 1000 1000 1000 1000 1000 1000 1000 1000 1000 1000 1000 1000 1000 1500 1500 1500 1500 1500 1500 1500 1500 1500 1500 1500 1500 1500 1500 1500 2000 2000 2000 2000 2000 2000 2000 2000 2000 2000 2000 2000 2000 2000 2000 2000 2000 2000 2000 2000 2000 2000 2000 2000 2000 2000 2000 2000 2000 2000 2000 2000 2000 2000 2000 2000 2000 2000 2000 2000 2000]"
"cost_tot_k","[589.1 589.1 589.1 589.1 589.1 589.1 589.1 613.85 613.85 742.55 742.55 742.55 816.8 816.8 816.8 623.75 623.75 623.75 623.75 623.75 623.75 623.75 722.75 722.75 722.75 1594 9613 9613 13177 13177 8727 8727 8727 8727 8727 54512 54512.4622888 54513.0314331 54513.732132 54514.5947934 36695.6568542 36696.9644045 36698.5741877 36700.5560633 36702.9960383 43266 43268.6546304 43271.7497023 43275.3582911 43279.5655968 43284.470955 43290.1901829 30546.858313 30554.632782 30563.6971473 30574.2654213 30586.5871242 30600.9531751 30617.7027607 30637.2313438 27785 27804.5229527 27826.4280659 27851.0060071 27878.5829108 27909.5247056 27944.2419704 27983.1953822 28026.901829 28075.941269 26255.9644256 26317.7014228 26386.9714729 26464.6937474 26551.8995738 26649.7461203 26759.5317512 26882.713255 27020.9251756 27176.001501 73975 74170.2295269 74389.2806589 74635.0600714 74910.8291079 75220.2470561 75567.419704 75956.9538217 76394.0182904 76884.41269 77434.6442563 78052.0142277 78744.7147289 79521.9374744 80393.995738 81372.461203 82470.3175117 83702.1325501 85084.2517556 86635.0150101 88375]"
"cost_total","[670.1 670.1 670.1 670.1 670.1 670.1 670.1 717.35 717.35 963.05 963.05 963.05 1104.8 1104.8 1104.8 736.25 736.25 736.25 736.25 736.25 736.25 736.25 925.25 925.25 925.25 2134 17443 17443 24247 24247 15747 15747 15747 15747 15747 103112 103112.462289 103113.031433 103113.732132 103114.594793 69095.6568542 69096.9644045 69098.5741877 69100.5560633 69102.9960383 80766 80768.6546304 80771.7497023 80775.3582911 80779.5655968 80784.470955 80790.1901829 55546.858313 55554.632782 55563.6971473 55574.2654213 55586.5871242 55600.9531751 55617.7027607 55637.2313438 46535 46554.5229527 46576.4280659 46601.0060071 46628.5829108 46659.5247056 46694.2419704 46733.1953822 46776.901829 46825.941269 38755.9644256 38817.7014228 38886.9714729 38964.6937474 39051.8995738 39149.7461203 39259.5317512 39382.713255 39520.9251756 39676.001501 115225 115420.229527 115639.280659 115885.060071 116160.829108 116470.247056 116817.419704 117206.953822 117644.01829 118134.41269 118684.644256 119302.014228 119994.714729 120771.937474 121643.995738 122622.461203 123720.317512 124952.13255 126334.251756 127885.01501 129625]"
"cost_total_old","[670.1 670.1 670.1 670.1 670.1 670.1 670.1 717.35 717.35 963.05 963.05 963.05 1104.8 1104.8 1104.8 736.25 736.25 736.25 736.25 736.25 736.25 736.25 925.25 925.25 925.25 11657.44 26966.44 26966.44 33770.44 33770.44 25270.44 25270.44 25270.44 25270.44 25270.44 204667.1 204667.562289 204668.131433 204668.832132 204669.694793 170650.756854 170652.064405 170653.674188 170655.656063 170658.096038 80766 80768.6546304 80771.7497023 80775.3582911 80779.5655968 80784.470955 80790.1901829 55546.858313 55554.632782 55563.6971473 55574.2654213 55586.5871242 55600.9531751 55617.7027607 55637.2313438 46535 46554.5229527 46576.4280659 46601.0060071 46628.5829108 46659.5247056 46694.2419704 46733.1953822 46776.901829 46825.941269 38755.9644256 38817.7014228 38886.9714729 38964.6937474 39051.8995738 39149.7461203 39259.5317512 39382.713255 39520.9251756 39676.001501 115225 115420.229527 115639.280659 115885.060071 116160.829108 116470.247056 116817.419704 117206.953822 117644.01829 118134.41269 118684.644256 119302.014228 119994.714729 120771.937474 121643.995738 122622.461203 123720.317512 124952.13255 126334.251756 127885.01501 129625]"
"cpt",375313.799137
"cum_cost","[670.1 1340.2 2010.3 2680.4 3350.5 4020.6 4690.7 5408.05 6125.4 7088.45 8051.5 9014.55 10119.35 11224.15 12328.95 13065.2 13801.45 14537.7 15273.95 16010.2 16746.45 17482.7 18407.95 19333.2 20258.45 22392.45 39835.45 57278.45 81525.45 105772.45 121519.45 137266.45 153013.45 168760.45 184507.45 287619.45 390731.912289 493844.943722 596958.675854 700073.270647 769168.927502 838265.891906 907364.466094 976465.022157 1045568.0182 1126334.0182 1207102.67283 1287874.42253 1368649.78082 1449429.34642 1530213.81737 1611004.00755 1666550.86587 1722105.49865 1777669.1958 1833243.46122 1888830.04834 1944431.00152 2000048.70428 2055685.93562 2102220.93562 2148775.45857 2195351.88664 2241952.89265 2288581.47556 2335241.00026 2381935.24223 2428668.43762 2475445.33945 2522271.28071 2561027.24514 2599844.94656 2638731.91804 2677696.61178 2716748.51136 2755898.25748 2795157.78923 2834540.50248 2874061.42766 2913737.42916 3028962.42916 3144382.65869 3260021.93935 3375906.99942 3492067.82852 3608538.07558 3725355.49528 3842562.44911 3960206.4674 4078340.88009 4197025.52434 4316327.53857 4436322.2533 4557094.19077 4678738.18651 4801360.64772 4925080.96523 5050033.09778 5176367.34953 5304252.36454 5433877.36454]"
"cum_rev_dir","[0 0 0 0 0 0 0 0 0 25 50 75 100 125 150 175 200 225 250 275.00182852 300.004057511 325.006774682 350.01008695 375.014124649 400.01904666 475.025046658 550.065762823 625.342060713 702.216858784 779.091660815 855.966466727 932.841276446 1009.71608989 1086.590907 1163.4657277 1315.3405519 1467.64868645 1620.49026684 1773.98856372 1928.29532538 2083.59735249 2240.12458892 2398.1600772 2558.05220689 2720.2297819 2910.22055247 3102.69696841 3298.07092193 3496.82247369 3699.51110628 3906.78882584 4119.41541241 4338.27616696 4564.40255833 4798.99623622 5043.45694903 5299.41498801 5568.76887352 5853.72910627 6156.86892747 6506.18316737 6873.63954256 7261.43370178 7672.02498088 8108.16758844 8572.94536486 9069.81049684 9602.62660272 10175.7166395 10793.9161175 11462.6321452 12187.9088588 12976.4998252 13835.9480314 14774.6740943 15802.0733333 16928.6223413 18165.9956643 19527.1931445 21026.6783908 22730.528702 24606.5965638 26674.6825595 28956.7191433 31476.9642045 34262.2026589 37341.9533934 40748.6777105 44517.983891 48688.8205353 53303.6488378 58408.5807643 64053.4660605 70291.905912 77181.1646401 84781.9427151 93157.9642052 102375.319039 112501.484526 123603.93066 135748.188898]"
"cum_rev_tot","[-1.3167 -2.6334 -3.9501 -5.2668 -6.5835 -7.9002 -9.2169 -10.89935 -12.5818 28.07135 87.962 167.09015 264.35855 380.86445 516.60785 674.4416 851.51285 1047.8216 1263.36785 1498.16241265 1752.19684342 2025.47166096 2316.5244975 2626.81912377 2956.35647927 3382.27445927 3668.60522801 4014.04159151 4338.86388958 4702.16119161 5213.65849752 5763.63080724 6352.07812069 6979.0004378 7644.39775849 7354.4725827 7163.29763516 7071.46525441 7079.70468416 7188.91371301 7839.09762501 8592.71714969 9451.44749007 10417.3509863 11492.9665629 11370.4823335 11339.6616408 11402.9451603 11563.1783403 11823.678503 12188.3130592 12661.5906758 13980.2675348 15418.9711781 16984.8448407 18628.5031506 20359.6531306 22189.610079 24131.5636533 26200.8878517 28825.4895916 31596.6360677 34527.4957554 37632.8397049 40929.2360953 44416.0307969 48114.066755 52046.72034 56240.2081768 60723.9308751 65896.6080384 71429.4594307 77363.937744 83746.5190244 90629.3074991 98070.7123048 106136.204442 114899.163196 124441.822266 134856.326926 144632.702237 155519.046107 167644.887388 181155.275675 196212.608565 212998.666271 231716.875267 252594.824376 275887.058556 301878.177404 330886.267062 363266.695775 399416.304541 439778.025134 484845.95798 535170.941722 591366.6445 654116.203644 724179.43503 802400.625303 889678.433542]"
"df_k","[1 0.966183574879 0.933510700366 0.901942705668 0.871442227699 0.841973166859 0.813500644308 0.785990960684 0.759411556216 0.73373097219 0.70891881371 0.684945713729 0.661783298289 0.639404152936 0.617781790277 0.596890618625 0.576705911715 0.557203779435 0.53836113955 0.520155690387 0.502565884432 0.485570902833 0.469150630756 0.453285633581 0.437957133894 0.42314698927 0.408837670792 0.395012242311 0.381654340397 0.368748154973 0.356278410602 0.344230348408 0.332589708607 0.32134271363 0.310476051816 0.299976861658 0.289832716578 0.28003161022 0.270561942242 0.261412504581 0.252572468195 0.244031370236 0.235779101678 0.227805895341 0.220102314339 0.212659240907 0.205467865611 0.198519676919 0.191806451129 0.185320242637 0.179053374528 0.172998429496 0.167148241059 0.161495885081 0.156034671576 0.150758136788 0.145660035544 0.140734333859 0.135975201796 0.131377006566 0.126934305861 0.122641841412 0.118494532765 0.114487471271 0.110615914271 0.106875279489 0.103261139603 0.0997692170077 0.0963953787514 0.0931356316438 0.0899861175303 0.0869431087249 0.0840030035989 0.0811623223178 0.0784177027225 0.0757658963503 0.0732037645896 0.0707282749658 0.0683364975515 0.0660256014991 0.0637928516899 0.0616356054975 0.0595513096594 0.0575374972555 0.0555917847879 0.0537118693603 0.051895525952 0.0501406047845 0.0484450287773 0.0468067910892 0.0452239527432 0.0436946403316 0.0422170437986 0.0407894142982 0.0394100621238 0.038077354709 0.0367897146947 0.0355456180625 0.0343435923309 0.0331822148125 0.03206011093]"
"discount_factor","[1 0.970873786408 0.942595909134 0.915141659353 0.888487047916 0.862608784384 0.837484256684 0.813091511343 0.789409234314 0.766416732344 0.744093914897 0.722421276599 0.701379880193 0.680951339993 0.661117805819 0.641861947397 0.62316693922 0.605016445845 0.587394607616 0.570286026812 0.553675754186 0.537549275909 0.521892500883 0.50669174843 0.49193373634 0.477605569262 0.463694727439 0.450189055766 0.43707675317 0.424346362301 0.411986759516 0.401938301967 0.392134928748 0.382570662193 0.373239670432 0.364136263836 0.355254891548 0.346590138095 0.338136720093 0.329889483018 0.321843398066 0.313993559089 0.306335179599 0.298863589852 0.291574234002 0.284462667319 0.277524553482 0.270755661934 0.264151865301 0.25770913688 0.251423548175 0.245291266512 0.239308552695 0.233471758727 0.227777325587 0.222221781061 0.21680173762 0.211513890361 0.206355014986 0.20132196584 0.196411673991 0.191621145357 0.186947458885 0.182387764765 0.177939282698 0.173599300193 0.16936517092 0.165234313093 0.161204207895 0.157272397947 0.153436485802 0.14969413249 0.146043056087 0.142481030329 0.139005883248 0.135615495852 0.132956368482 0.130349380865 0.127793510652 0.125287755541 0.122831132883 0.120422679297 0.118061450291 0.115746519894 0.113476980288 0.111251941459 0.109070530842 0.106931892982 0.104835189198 0.102779597253 0.100764311032 0.0987885402279 0.0968515100273 0.0949524608111 0.093090647854 0.0912653410334 0.0894758245425 0.0877213966103 0.0860013692258 0.0843150678684 0.0826618312436]"
"discount_rate","[0.03 0.03 0.03 0.03 0.03 0.03 0.03 0.03 0.03 0.03 0.03 0.03 0.03 0.03 0.03 0.03 0.03 0.03 0.03 0.03 0.03 0.03 0.03 0.03 0.03 0.03 0.03 0.03 0.03 0.03 0.03 0.025 0.025 0.025 0.025 0.025 0.025 0.025 0.025 0.025 0.025 0.025 0.025 0.025 0.025 0.025 0.025 0.025 0.025 0.025 0.025 0.025 0.025 0.025 0.025 0.025 0.025 0.025 0.025 0.025 0.025 0.025 0.025 0.025 0.025 0.025 0.025 0.025 0.025 0.025 0.025 0.025 0.025 0.025 0.025 0.025 0.02 0.02 0.02 0.02 0.02 0.02 0.02 0.02 0.02 0.02 0.02 0.02 0.02 0.02 0.02 0.02 0.02 0.02 0.02 0.02 0.02 0.02 0.02 0.02 0.02]"
"dr_options","[0.014 0.02 0.03 0.035]"
"earth_cargo","[18 18 18 18 18 18 18 23 23 49 49 49 64 64 64 25 25 25 25 25 25 25 45 45 45 200 2900 2900 4100 4100 2600 2600 2600 2600 2600 18000 18000 18000 18000 18000 12000 12000 12000 12000 12000 30000 30000 30000 30000 30000 30000 30000 20000 20000 20000 20000 20000 20000 20000 20000 15000 15000 15000 15000 15000 15000 15000 15000 15000 15000 10000 10000 10000 10000 10000 10000 10000 10000 10000 10000 33000 33000 33000 33000 33000 33000 33000 33000 33000 33000 33000 33000 33000 33000 33000 33000 33000 33000 33000 33000 33000]"
"earth_cargo_old","[18 18 18 18 18 18 18 23 23 49 49 49 64 64 64 25 25 25 25 25 25 25 45 45 45 1963.6 4663.6 4663.6 5863.6 5863.6 4363.6 4363.6 4363.6 4363.6 4363.6 36806.5 36806.5 36806.5 36806.5 36806.5 30806.5 30806.5 30806.5 30806.5 30806.5 30000 30000 30000 30000 30000 30000 30000 20000 20000 20000 20000 20000 20000 20000 20000 15000 15000 15000 15000 15000 15000 15000 15000 15000 15000 10000 10000 10000 10000 10000 10000 10000 10000 10000 10000 33000 33000 33000 33000 33000 33000 33000 33000 33000 33000 33000 33000 33000 33000 33000 33000 33000 33000 33000 33000 33000]"
"ext_h2_enable","[0 0 0 0 0 0 0 0 0 19.2375 38.475 57.7125 76.95 96.1875 115.425 134.6625 153.9 173.1375 192.375 211.6125 230.85 250.0875 269.325 288.5625 307.8 365.5125 423.225 480.9375 538.65 577.125 615.6 654.075 692.55 731.025 769.5 865.6875 961.875 1058.0625 1154.25 1250.4375 1346.625 1442.8125 1539 1635.1875 1731.375 1808.325 1885.275 1962.225 2039.175 2116.125 2193.075 2270.025 2346.975 2423.925 2500.875 2520.1125 2539.35 2558.5875 2577.825 2597.0625 2635.5375 2674.0125 2712.4875 2750.9625 2789.4375 2808.675 2827.9125 2847.15 2866.3875 2885.625 2904.8625 2924.1 2943.3375 2962.575 2981.8125 3001.05 3020.2875 3039.525 3058.7625 3078 3116.475 3154.95 3193.425 3231.9 3270.375 3308.85 3347.325 3385.8 3424.275 3462.75 3501.225 3539.7 3578.175 3616.65 3655.125 3693.6 3732.075 3770.55 3809.025 3847.5 3847.5]"
"ext_h2_scaled","[0 0 0 0 0 0 0 0 0 134.6625 269.325 403.9875 538.65 673.3125 807.975 942.6375 1077.3 1211.9625 1346.625 1481.2875 1615.95 1750.6125 1885.275 2019.9375 2154.6 2558.5875 2962.575 3366.5625 3770.55 4039.875 4309.2 4578.525 4847.85 5117.175 5386.5 6059.8125 6733.125 7406.4375 8079.75 8753.0625 9426.375 10099.6875 10773 11446.3125 12119.625 12658.275 13196.925 13735.575 14274.225 14812.875 15351.525 15890.175 16428.825 16967.475 17506.125 17640.7875 17775.45 17910.1125 18044.775 18179.4375 18448.7625 18718.0875 18987.4125 19256.7375 19526.0625 19660.725 19795.3875 19930.05 20064.7125 20199.375 20334.0375 20468.7 20603.3625 20738.025 20872.6875 21007.35 21142.0125 21276.675 21411.3375 21546 21815.325 22084.65 22353.975 22623.3 22892.625 23161.95 23431.275 23700.6 23969.925 24239.25 24508.575 24777.9 25047.225 25316.55 25585.875 25855.2 26124.525 26393.85 26663.175 26932.5 26932.5]"
"ext_reo_mining","[0 0 0 0 0 0 0 0 0 0 0 0 0 0 0 0 0 0 0 0.00898413063149 0.0109517779109 0.0133503668112 0.0162742794316 0.0198385688394 0.0241834862951 0.02948 0.200052578343 1.35756560725 9.2125 9.2125 9.2125 9.2125 9.2125 9.2125 9.2125 9.2125 11.3419179079 13.963538869 17.1911328691 21.1647671908 26.0568848867 32.0797882575 39.4948520945 48.623866512 59.8630016115 73.7 85.927891367 100.184566008 116.806628284 136.18653007 158.781836655 185.126030002 215.841104413 251.652252002 293.404984698 342.085097037 398.841941065 465.015562882 542.168341537 632.121877261 737 826.927600821 927.828028492 1041.04017039 1168.06628284 1310.5919252 1470.50832613 1649.93747912 1851.26030002 2077.14822034 2330.59863554 2614.97467865 2934.04984698 3292.05807415 3693.74991183 4144.45556665 4650.15562882 5217.56043091 5854.19908992 6568.51941405 7370 8269.27600821 9278.28028492 10410.4017039 11680.6628284 13105.919252 14705.0832613 16499.3747912 18512.6030002 20771.4822034 23305.9863554 26149.7467865 29340.4984698 32920.5807415 36937.4991183 41444.5556665 46501.5562882 52175.6043091 58541.9908992 65685.1941405 73700]"
"ext_rockets","[-1.3167 -1.3167 -1.3167 -1.3167 -1.3167 -1.3167 -1.3167 -1.68245 -1.68245 -3.58435 -3.58435 -3.58435 -4.6816 -4.6816 -4.6816 -1.82875 -1.82875 -1.82875 -1.82875 -1.82875 -1.82875 -1.82875 -3.29175 -3.29175 -3.29175 -14.63 -212.135 -212.135 -299.915 -299.915 -190.19 -190.19 -190.19 -190.19 -190.19 -1316.7 -1316.7 -1316.7 -1316.7 -1316.7 -877.8 -877.8 -877.8 -877.8 -877.8 -2194.5 -2194.5 -2194.5 -2194.5 -2194.5 -2194.5 -2194.5 -1463 -1463 -1463 -1463 -1463 -1463 -1463 -1463 -1097.25 -1097.25 -1097.25 -1097.25 -1097.25 -1097.25 -1097.25 -1097.25 -1097.25 -1097.25 -731.5 -731.5 -731.5 -731.5 -731.5 -731.5 -731.5 -731.5 -731.5 -731.5 -2413.95 -2413.95 -2413.95 -2413.95 -2413.95 -2413.95 -2413.95 -2413.95 -2413.95 -2413.95 -2413.95 -2413.95 -2413.95 -2413.95 -2413.95 -2413.95 -2413.95 -2413.95 -2413.95 -2413.95 -2413.95]"
"ext_total","[-1.3167 -1.3167 -1.3167 -1.3167 -1.3167 -1.3167 -1.3167 -1.68245 -1.68245 15.65315 34.89065 54.12815 72.2684 91.5059 110.7434 132.83375 152.07125 171.30875 190.54625 209.792734131 229.032201778 248.272100367 266.049524279 285.290588569 304.532433486 350.91198 211.290052578 270.160065607 247.9475 286.4225 434.6225 473.0975 511.5725 550.0475 588.5225 -441.8 -343.483082092 -244.673961131 -145.258867131 -45.0977328092 494.881884887 597.092288257 700.694852094 806.011366512 913.438001611 -312.475 -223.297108633 -132.090433992 -38.5183717156 57.81153007 157.356836655 260.651030002 1099.81610441 1212.577252 1331.2799847 1399.19759704 1475.19194106 1560.60306288 1656.99334154 1766.18437726 2275.2875 2403.69010082 2543.06552849 2694.75267039 2860.25378284 3022.0169252 3201.17082613 3399.83747912 3620.39780002 3865.52322034 4503.96113554 4807.57467865 5145.88734698 5523.13307415 5944.06241183 6414.00556665 6938.94312882 7525.58543091 8181.46158992 8915.01941405 8072.525 9010.27600821 10057.7552849 11228.3517039 12537.0878284 14000.819252 15638.4582613 17471.2247912 19522.9280002 21820.2822034 24393.2613554 27275.4967865 30504.7234698 34123.2807415 38178.6741183 42724.2056665 47819.6812882 53532.2043091 59937.0658992 67118.7441405 75133.55]"
"externality_reo_per_t",73700
"frac",0.95
"h2_from_pem","[0 0 0 0 0 0 0 0 0 11250 22500 33750 45000 56250 67500 78750 90000 101250 112500 123750 135000 146250 157500 168750 180000 213750 247500 281250 315000 337500 360000 382500 405000 427500 450000 506250 562500 618750 675000 731250 787500 843750 900000 956250 1012500 1057500 1102500 1147500 1192500 1237500 1282500 1327500 1372500 1417500 1462500 1473750 1485000 1496250 1507500 1518750 1541250 1563750 1586250 1608750 1631250 1642500 1653750 1665000 1676250 1687500 1698750 1710000 1721250 1732500 1743750 1755000 1766250 1777500 1788750 1800000 1822500 1845000 1867500 1890000 1912500 1935000 1957500 1980000 2002500 2025000 2047500 2070000 2092500 2115000 2137500 2160000 2182500 2205000 2227500 2250000 2250000]"
"h2_per_gw_yr",150000
"i",101
"idx",91
"idx90",91
"insitu_cost_per_kg",100
"insitu_mass","[0 0 0 0 0 0 0 0 0 0 0 0 0 0 0 0 0 0 0 0 0 0 0 0 0 0 0 0 0 0 50 50 50 50 50 500 500 500 500 500 500 500 500 500 500 5000 5000 5000 5000 5000 5000 5000 15000 15000 15000 15000 15000 15000 15000 15000 50000 50000 50000 50000 50000 50000 50000 50000 50000 50000 100000 100000 100000 100000 100000 100000 100000 100000 100000 100000 250000 250000 250000 250000 250000 250000 250000 250000 250000 250000 250000 250000 250000 250000 250000 250000 250000 250000 250000 250000 250000]"
"ir_fraction_of_pgm",0.15
"ir_production","[0 0 0 0 0 0 0 0 0 0.075 0.075 0.075 0.075 0.075 0.075 0.075 0.075 0.075 0.075 0.075 0.075 0.075 0.075 0.075 0.075 0.225 0.225 0.225 0.225 0.225 0.225 0.225 0.225 0.225 0.225 0.45 0.45 0.45 0.45 0.45 0.45 0.45 0.45 0.45 0.45 0.525 0.525 0.525 0.525 0.525 0.525 0.525 0.525 0.525 0.525 0.525 0.525 0.525 0.525 0.525 0.6 0.6 0.6 0.6 0.6 0.6 0.6 0.6 0.6 0.6 0.6 0.6 0.6 0.6 0.6 0.6 0.6 0.6 0.6 0.6 0.75 0.75 0.75 0.75 0.75 0.75 0.75 0.75 0.75 0.75 0.75 0.75 0.75 0.75 0.75 0.75 0.75 0.75 0.75 0.75 0.75]"
"ir_scale_factor",7
"ir_scaled","[0 0 0 0 0 0 0 0 0 0.525 0.525 0.525 0.525 0.525 0.525 0.525 0.525 0.525 0.525 0.525 0.525 0.525 0.525 0.525 0.525 1.575 1.575 1.575 1.575 1.575 1.575 1.575 1.575 1.575 1.575 3.15 3.15 3.15 3.15 3.15 3.15 3.15 3.15 3.15 3.15 3.675 3.675 3.675 3.675 3.675 3.675 3.675 3.675 3.675 3.675 3.675 3.675 3.675 3.675 3.675 4.2 4.2 4.2 4.2 4.2 4.2 4.2 4.2 4.2 4.2 4.2 4.2 4.2 4.2 4.2 4.2 4.2 4.2 4.2 4.2 5.25 5.25 5.25 5.25 5.25 5.25 5.25 5.25 5.25 5.25 5.25 5.25 5.25 5.25 5.25 5.25 5.25 5.25 5.25 5.25 5.25]"
"j",3
"k",3
"launch_cost","[6000 6000 6000 6000 6000 6000 6000 6000 6000 6000 6000 6000 6000 6000 6000 6000 6000 6000 6000 6000 6000 6000 6000 6000 6000 4000 4000 4000 4000 4000 4000 4000 4000 4000 4000 4000 4000 4000 4000 4000 4000 4000 4000 4000 4000 2000 2000 2000 2000 2000 2000 2000 2000 2000 2000 2000 2000 2000 2000 2000 2000 2000 2000 2000 2000 2000 2000 2000 2000 2000 2000 2000 2000 2000 2000 2000 2000 2000 2000 2000 2000 2000 2000 2000 2000 2000 2000 2000 2000 2000 2000 2000 2000 2000 2000 2000 2000 2000 2000 2000 2000]"
"lc_options","[1.5 1 0.5]"
"net_benefit_direct","[-670.1 -670.1 -670.1 -670.1 -670.1 -670.1 -670.1 -717.35 -717.35 -938.05 -938.05 -938.05 -1079.8 -1079.8 -1079.8 -711.25 -711.25 -711.25 -711.25 -711.24817148 -711.247771009 -711.247282829 -900.246687732 -900.2459623 -900.245077989 -2058.994 -17367.9592838 -17367.7237021 -24170.1252019 -24170.125198 -15670.1251941 -15670.1251903 -15670.1251866 -15670.1251829 -15670.1251793 -102960.125176 -102960.154154 -102960.189853 -102960.233835 -102960.288032 -68940.3548271 -68940.4371681 -68940.5386994 -68940.6639336 -68940.8184633 -80576.0092294 -80576.1782145 -80576.3757487 -80576.6067393 -80576.8769642 -80577.1932355 -80577.5635963 -55327.9975585 -55328.5063906 -55329.1034694 -55329.8047085 -55330.6290853 -55331.5992896 -55332.742528 -55334.0915226 -46185.6857601 -46187.0665775 -46188.6339067 -46190.414728 -46192.4403032 -46194.7469292 -46197.3768384 -46200.3792763 -46203.8117923 -46207.741791 -38087.2483979 -38092.4247092 -38098.3805065 -38105.2455413 -38113.1735109 -38122.3468813 -38132.9827432 -38145.339932 -38159.7276954 -38176.5162547 -113521.149689 -113544.161665 -113571.194663 -113603.023488 -113640.584047 -113685.008602 -113737.668969 -113800.229505 -113874.71211 -113963.576046 -114069.815954 -114197.082301 -114349.829433 -114533.497623 -114754.73701 -115021.683128 -115344.296022 -115734.777716 -116208.086269 -116782.568877 -117480.741762]"
"net_benefit_total","[-671.4167 -671.4167 -671.4167 -671.4167 -671.4167 -671.4167 -671.4167 -719.03245 -719.03245 -922.39685 -903.15935 -883.92185 -1007.5316 -988.2941 -969.0566 -578.41625 -559.17875 -539.94125 -520.70375 -501.455437349 -482.215569231 -462.975182463 -634.197163453 -614.955373732 -595.712644503 -1708.08202 -17156.6692313 -17097.5636365 -23922.1777019 -23883.702698 -15235.5026941 -15197.0276903 -15158.5526866 -15120.0776829 -15081.6026793 -103401.925176 -103303.637236 -103204.863814 -103105.492702 -103005.385765 -68445.4729423 -68343.3448798 -68239.8438473 -68134.6525671 -68027.3804617 -80888.4842294 -80799.4753231 -80708.4661827 -80615.125111 -80519.0654341 -80419.8363988 -80316.9125663 -54228.1814541 -54115.9291386 -53997.8234847 -53930.6071115 -53855.4371442 -53770.9962267 -53675.7491864 -53567.9071453 -43910.3982601 -43783.3764767 -43645.5683782 -43495.6620576 -43332.1865204 -43172.730004 -42996.2060123 -42800.5417972 -42583.4139923 -42342.2185706 -33583.2872624 -33284.8500305 -32952.4931595 -32582.1124671 -32169.1110991 -31708.3413146 -31194.0396144 -30619.7545011 -29978.2661055 -29261.4968407 -105448.624689 -104533.885657 -103513.439378 -102374.671784 -101103.496218 -99684.1893497 -98099.2107081 -96329.0047133 -94351.7841096 -92143.2938423 -89676.5545984 -86921.5855147 -83845.1059629 -80410.2168814 -76576.0628916 -72297.4774615 -67524.6147334 -62202.5734068 -56271.0203695 -49663.8247364 -42347.1917619]"
"net_cum_direct","[-670.1 -1340.2 -2010.3 -2680.4 -3350.5 -4020.6 -4690.7 -5408.05 -6125.4 -7063.45 -8001.5 -8939.55 -10019.35 -11099.15 -12178.95 -12890.2 -13601.45 -14312.7 -15023.95 -15735.1981715 -16446.4459425 -17157.6932253 -18057.9399131 -18958.1858754 -19858.4309533 -21917.4249533 -39285.3842372 -56653.1079393 -80823.2331412 -104993.358339 -120663.483533 -136333.608724 -152003.73391 -167673.859093 -183343.984272 -286304.109448 -389264.263602 -492224.453455 -595184.68729 -698144.975322 -767085.330149 -836025.767317 -904966.306017 -973906.96995 -1042847.78841 -1123423.79764 -1203999.97586 -1284576.35161 -1365152.95835 -1445729.83531 -1526307.02855 -1606884.59214 -1662212.5897 -1717541.09609 -1772870.19956 -1828200.00427 -1883530.63335 -1938862.23264 -1994194.97517 -2049529.06669 -2095714.75245 -2141901.81903 -2188090.45294 -2234280.86767 -2280473.30797 -2326668.0549 -2372865.43174 -2419065.81101 -2465269.62281 -2511477.3646 -2549564.61299 -2587657.0377 -2625755.41821 -2663860.66375 -2701973.83726 -2740096.18414 -2778229.16689 -2816374.50682 -2854534.23451 -2892710.75077 -3006231.90046 -3119776.06212 -3233347.25679 -3346950.28027 -3460590.86432 -3574275.87292 -3688013.54189 -3801813.7714 -3915688.48351 -4029652.05955 -4143721.87551 -4257918.95781 -4372268.78724 -4486802.28486 -4601557.02187 -4716578.705 -4831923.00102 -4947657.77874 -5063865.86501 -5180648.43388 -5298129.17565]"
"net_cum_total","[-671.4167 -1342.8334 -2014.2501 -2685.6668 -3357.0835 -4028.5002 -4699.9169 -5418.94935 -6137.9818 -7060.37865 -7963.538 -8847.45985 -9854.99145 -10843.28555 -11812.34215 -12390.7584 -12949.93715 -13489.8784 -14010.58215 -14512.0375873 -14994.2531566 -15457.228339 -16091.4255025 -16706.3808762 -17302.0935207 -19010.1755407 -36166.844772 -53264.4084085 -77186.5861104 -101070.288808 -116305.791502 -131502.819193 -146661.371879 -161781.449562 -176863.052242 -280264.977417 -383568.614654 -486773.478468 -589878.97117 -692884.356934 -761329.829877 -829673.174756 -897913.018604 -966047.671171 -1034075.05163 -1114963.53586 -1195763.01119 -1276471.47737 -1357086.60248 -1437605.66791 -1518025.50431 -1598342.41688 -1652570.59833 -1706686.52747 -1760684.35096 -1814614.95807 -1868470.39521 -1922241.39144 -1975917.14062 -2029485.04777 -2073395.44603 -2117178.82251 -2160824.39088 -2204320.05294 -2247652.23946 -2290824.96947 -2333821.17548 -2376621.71728 -2419205.13127 -2461547.34984 -2495130.6371 -2528415.48713 -2561367.98029 -2593950.09276 -2626119.20386 -2657827.54517 -2689021.58479 -2719641.33929 -2749619.60539 -2778881.10223 -2884329.72692 -2988863.61258 -3092377.05196 -3194751.72374 -3295855.21996 -3395539.40931 -3493638.62002 -3589967.62473 -3684319.40884 -3776462.70268 -3866139.25728 -3953060.8428 -4036905.94876 -4117316.16564 -4193892.22853 -4266189.70599 -4333714.32073 -4395916.89413 -4452187.9145 -4501851.73924 -4544198.931]"
"net_k","[-590.4167 -590.4167 -590.4167 -590.4167 -590.4167 -590.4167 -590.4167 -615.53245 -615.53245 -701.89685 -682.65935 -663.42185 -719.5316 -700.2941 -681.0566 -465.91625 -446.67875 -427.44125 -408.20375 -388.955437349 -369.715569231 -350.475182463 -431.697163453 -412.455373732 -393.212644503 -1168.08202 -9326.66923126 -9267.5636365 -12852.1777019 -12813.702698 -8215.50269409 -8177.02769028 -8138.55268655 -8100.07768289 -8061.60267931 -54801.9251758 -54703.6372364 -54604.8638139 -54505.4927022 -54405.3857646 -36045.4729423 -35943.3448798 -35839.8438473 -35734.6525671 -35627.3804617 -43388.4842294 -43299.4753231 -43208.4661827 -43115.125111 -43019.0654341 -42919.8363988 -42816.9125663 -29228.1814541 -29115.9291386 -28997.8234847 -28930.6071115 -28855.4371442 -28770.9962267 -28675.7491864 -28567.9071453 -25160.3982601 -25033.3764767 -24895.5683782 -24745.6620576 -24582.1865204 -24422.730004 -24246.2060123 -24050.5417972 -23833.4139923 -23592.2185706 -21083.2872624 -20784.8500305 -20452.4931595 -20082.1124671 -19669.1110991 -19208.3413146 -18694.0396144 -18119.7545011 -17478.2661055 -16761.4968407 -64198.6246888 -63283.8856569 -62263.4393782 -61124.6717838 -59853.4962183 -58434.1893497 -56849.2107081 -55079.0047133 -53101.7841096 -50893.2938423 -48426.5545984 -45671.5855147 -42595.1059629 -39160.2168814 -35326.0628916 -31047.4774615 -26274.6147334 -20952.5734068 -15021.0203695 -8413.82473638 -1097.19176195]"
"net_old","[-671.4167 -671.4167 -671.4167 -671.4167 -671.4167 -671.4167 -671.4167 -719.03245 -719.03245 -922.39685 -903.15935 -883.92185 -1007.5316 -988.2941 -969.0566 -578.41625 -559.17875 -539.94125 -520.70375 -501.455437349 -482.215569231 -462.975182463 -634.197163453 -614.955373732 -595.712644503 -11231.52202 -26680.1092313 -26621.0036365 -33445.6177019 -33407.142698 -24758.9426941 -24720.4676903 -24681.9926866 -24643.5176829 -24605.0426793 -204957.025176 -204858.737236 -204759.963814 -204660.592702 -204560.485765 -170000.572942 -169898.44488 -169794.943847 -169689.752567 -169582.480462 -80888.4842294 -80799.4753231 -80708.4661827 -80615.125111 -80519.0654341 -80419.8363988 -80316.9125663 -54228.1814541 -54115.9291386 -53997.8234847 -53930.6071115 -53855.4371442 -53770.9962267 -53675.7491864 -53567.9071453 -43910.3982601 -43783.3764767 -43645.5683782 -43495.6620576 -43332.1865204 -43172.730004 -42996.2060123 -42800.5417972 -42583.4139923 -42342.2185706 -33583.2872624 -33284.8500305 -32952.4931595 -32582.1124671 -32169.1110991 -31708.3413146 -31194.0396144 -30619.7545011 -29978.2661055 -29261.4968407 -105448.624689 -104533.885657 -103513.439378 -102374.671784 -101103.496218 -99684.1893497 -98099.2107081 -96329.0047133 -94351.7841096 -92143.2938423 -89676.5545984 -86921.5855147 -83845.1059629 -80410.2168814 -76576.0628916 -72297.4774615 -67524.6147334 -62202.5734068 -56271.0203695 -49663.8247364 -42347.1917619]"
"npv_canister","[-934417.783338 -910858.972817 -900529.340511]"
"npv_direct","[-670.1 -1320.68252427 -1952.31604298 -2565.55246891 -3160.92763972 -3738.96178614 -4300.15998654 -4883.4311822 -5449.71389644 -6168.65111221 -6866.64840908 -7544.3156876 -8301.66568223 -9036.95693915 -9750.83194588 -10207.356256 -10650.5837415 -11080.9016886 -11498.6861033 -11904.300997 -12298.1016431 -12680.432105 -13150.2641002 -13606.4113009 -14049.2722257 -15032.6592272 -23086.0903735 -30904.8495077 -41469.0493547 -51725.5540588 -58181.4381588 -64479.8616693 -70624.6650928 -76619.5952607 -82468.3076183 -119959.822924 -156536.921322 -192221.907741 -227036.54351 -261002.0597 -283190.057762 -304836.910993 -325955.823297 -346559.677607 -366661.043942 -389581.91045 -411943.77833 -433760.288282 -455044.749252 -475810.146667 -496069.150492 -515834.123119 -529074.586138 -541992.229833 -554594.945048 -566890.432797 -578886.209326 -590589.611151 -602007.800065 -613147.768148 -622219.176003 -631069.594601 -639704.442339 -648129.008835 -656348.458529 -664367.834268 -672192.060893 -679825.948827 -687274.197709 -694541.400064 -700385.373612 -706087.586083 -711651.590004 -717080.86465 -722378.819997 -727548.800973 -732618.823878 -737591.045321 -742467.610888 -747250.660924 -761194.592347 -774867.884513 -788276.264466 -801425.419084 -814321.0094 -826968.687322 -839374.115253 -851542.989216 -863481.066205 -875194.196652 -886688.363066 -897969.726125 -909044.679777 -919919.917222 -930602.510034 -941100.003171 -951420.529164 -961572.945501 -971567.000036 -981413.530256 -991124.703506]"
"npv_dr","[-1913765.78504 -1361786.91022 -801352.91081 -624533.70243]"
"npv_h2scaled",-714741.363721
"npv_lc","[-1329678.19891 -910858.972817 -492039.74672]"
"npv_no_rockets",-891631.492174
"npv_old",-1282739.86637
"npv_total","[-671.4167 -1323.27757379 -1956.15220853 -2570.59360149 -3167.13864319 -3746.30858659 -4308.60950252 -4893.24868399 -5460.85953979 -6167.79991949 -6839.83529601 -7478.3992473 -8185.0616402 -8858.0418319 -9498.70240501 -9869.96578564 -10218.4274958 -10545.1008318 -10850.9594067 -11136.9324357 -11403.9235047 -11652.7954788 -11983.7782225 -12295.371036 -12588.422183 -13404.2116685 -21359.6687314 -29056.8047608 -39512.6325196 -49647.5948777 -55924.4202623 -62032.687767 -67976.8857447 -73761.3838763 -79390.4362899 -117042.826997 -153741.94944 -189511.737441 -224375.490567 -258355.884025 -280384.607619 -301843.977718 -322748.242539 -343111.209398 -362946.240747 -385955.994727 -408379.833037 -430232.107222 -451526.742892 -472277.241747 -492496.682358 -512197.719564 -525174.987183 -537809.528334 -550109.008155 -562093.563721 -573769.516074 -585142.828675 -596219.088703 -607003.485075 -615627.999903 -624017.820651 -632177.248751 -640110.325331 -647820.823518 -655315.579234 -662597.639014 -669669.757138 -676534.38266 -683193.644909 -688346.546488 -693329.093239 -698141.576045 -702783.909 -707255.604701 -711555.747132 -715703.193357 -719694.459398 -723525.487267 -727191.59453 -740143.968562 -752732.21915 -764953.165927 -776802.677912 -788275.597359 -799365.656957 -810065.389944 -820366.032767 -830257.419905 -839727.870536 -848764.066776 -857350.923323 -865471.448444 -873106.596411 -880235.111716 -886833.365652 -892875.186233 -898331.682845 -903171.067644 -907358.476397 -910858.972817]"
"pem_gw_per_t_ir",1
"pem_installed","[0 0 0 0 0 0 0 0 0 0.075 0.15 0.225 0.3 0.375 0.45 0.525 0.6 0.675 0.75 0.825 0.9 0.975 1.05 1.125 1.2 1.425 1.65 1.875 2.1 2.25 2.4 2.55 2.7 2.85 3 3.375 3.75 4.125 4.5 4.875 5.25 5.625 6 6.375 6.75 7.05 7.35 7.65 7.95 8.25 8.55 8.85 9.15 9.45 9.75 9.825 9.9 9.975 10.05 10.125 10.275 10.425 10.575 10.725 10.875 10.95 11.025 11.1 11.175 11.25 11.325 11.4 11.475 11.55 11.625 11.7 11.775 11.85 11.925 12 12.15 12.3 12.45 12.6 12.75 12.9 13.05 13.2 13.35 13.5 13.65 13.8 13.95 14.1 14.25 14.4 14.55 14.7 14.85 15 15]"
"pem_lifetime_yr",20
"pem_scaled","[0 0 0 0 0 0 0 0 0 0.525 1.05 1.575 2.1 2.625 3.15 3.675 4.2 4.725 5.25 5.775 6.3 6.825 7.35 7.875 8.4 9.975 11.55 13.125 14.7 15.75 16.8 17.85 18.9 19.95 21 23.625 26.25 28.875 31.5 34.125 36.75 39.375 42 44.625 47.25 49.35 51.45 53.55 55.65 57.75 59.85 61.95 64.05 66.15 68.25 68.775 69.3 69.825 70.35 70.875 71.925 72.975 74.025 75.075 76.125 76.65 77.175 77.7 78.225 78.75 79.275 79.8 80.325 80.85 81.375 81.9 82.425 82.95 83.475 84 85.05 86.1 87.15 88.2 89.25 90.3 91.35 92.4 93.45 94.5 95.55 96.6 97.65 98.7 99.75 100.8 101.85 102.9 103.95 105 105]"
"pgm_price_per_kg",50000
"pgm_production","[0 0 0 0 0 0 0 0 0 0.5 0.5 0.5 0.5 0.5 0.5 0.5 0.5 0.5 0.5 0.5 0.5 0.5 0.5 0.5 0.5 1.5 1.5 1.5 1.5 1.5 1.5 1.5 1.5 1.5 1.5 3 3 3 3 3 3 3 3 3 3 3.5 3.5 3.5 3.5 3.5 3.5 3.5 3.5 3.5 3.5 3.5 3.5 3.5 3.5 3.5 4 4 4 4 4 4 4 4 4 4 4 4 4 4 4 4 4 4 4 4 5 5 5 5 5 5 5 5 5 5 5 5 5 5 5 5 5 5 5 5 5]"
"pgm_scaled","[0 0 0 0 0 0 0 0 0 3.5 3.5 3.5 3.5 3.5 3.5 3.5 3.5 3.5 3.5 3.5 3.5 3.5 3.5 3.5 3.5 10.5 10.5 10.5 10.5 10.5 10.5 10.5 10.5 10.5 10.5 21 21 21 21 21 21 21 21 21 21 24.5 24.5 24.5 24.5 24.5 24.5 24.5 24.5 24.5 24.5 24.5 24.5 24.5 24.5 24.5 28 28 28 28 28 28 28 28 28 28 28 28 28 28 28 28 28 28 28 28 35 35 35 35 35 35 35 35 35 35 35 35 35 35 35 35 35 35 35 35 35]"
"phase_reo","[0 0 0 0.4 125 125 1000 10000 100000 1000000]"
"phase_y","[20 30 40 55 70 90]"
"phase_years","[0 15 18 25 28 35 45 60 80 100]"
"r0",100000
"r1",1000000
"reo_basket_2026",15000
"reo_demand","[400000 408000 416160 424483.2 432972.864 441632.32128 450464.967706 459474.26706 468663.752401 478037.027449 487597.767998 497349.723358 507296.717825 517442.652182 527791.505225 538347.33533 549114.282036 560096.567677 571298.499031 582724.469011 594378.958391 606266.537559 618391.86831 630759.705677 643374.89979 656242.397786 669367.245742 682754.590656 696409.68247 710337.876119 724544.633641 739035.526314 753816.23684 768892.561577 784270.412809 799955.821065 815954.937486 832274.036236 848919.516961 865897.9073 883215.865446 900880.182755 918897.78641 937275.742138 956021.256981 975141.682121 994644.515763 1014537.40608 1034828.1542 1055524.71728 1076635.21163 1098167.91586 1120131.27418 1142533.89966 1165384.57766 1188692.26921 1212466.11459 1236715.43689 1261449.74562 1286678.74054 1312412.31535 1338660.56165 1365433.77289 1392742.44834 1420597.29731 1449009.24326 1477989.42812 1507549.21668 1537700.20102 1568454.20504 1599823.28914 1631819.75492 1664456.15002 1697745.27302 1731700.17848 1766334.18205 1801660.86569 1837694.08301 1874447.96467 1911936.92396 1950175.66244 1989179.17569 2028962.7592 2069542.01439 2110932.85467 2153151.51177 2196214.542 2240138.83284 2284941.6095 2330640.44169 2377253.25052 2424798.31553 2473294.28184 2522760.16748 2573215.37083 2624679.67825 2677173.27181 2730716.73725 2785331.07199 2841037.69343 2897858.4473]"
"reo_demand_2026",400000
"reo_demand_growth",0.02
"reo_price","[15000 15000 15000 15000 15000 15000 15000 15000 15000 15000 15000 15000 15000 15000 15000 15000 15000 15000 15000 14999.9981173 14999.9977499 14999.9973109 14999.9967862 14999.9961592 14999.9954098 14999.9945142 14999.9635032 14999.7571874 14998.3845716 14998.4162466 14998.4473006 14998.4777457 14998.5075938 14998.5368567 14998.5655458 14998.5936723 14998.3025564 14997.9511783 14997.5270633 14997.0151547 14996.3972788 14995.6514999 14994.7513416 14993.6648466 14992.3534424 14990.7705719 14989.4502715 14987.9410976 14986.2160314 14984.2441888 14981.9902675 14979.4139152 14976.4690071 14973.1028201 14969.2550888 14964.8569267 14959.8295929 14954.0830822 14947.514514 14940.0062903 14931.42399 14924.5651483 14917.0202984 14908.7208269 14899.5912581 14889.5485673 14878.5014257 14866.3493701 14852.981889 14838.277418 14822.1022338 14804.3092386 14784.7366219 14763.2063895 14739.5227443 14713.470306 14684.8121526 14653.2876653 14618.610159 14580.4642746 14538.5031116 14492.3450732 14441.5703958 14385.717332 14324.2779513 14256.693521 14182.3494248 14100.569574 14010.6102585 13911.6533839 13802.7990314 13683.0572742 13551.3391749 13406.4468826 13247.0627396 13071.7372986 12878.8761414 12666.7253793 12433.3557025 12176.6448359 11894.2582381]"
"reo_price_floor",5000
"reo_production","[0 0 0 0 0 0 0 0 0 0 0 0 0 0 0 0 0 0 0 0.12190136542 0.148599428914 0.181144732853 0.220817902735 0.269180038526 0.328134142403 0.4 2.71441761659 18.4201574932 125 125 125 125 125 125 125 125 153.893051668 189.464570814 233.258247884 287.174588749 353.553390593 435.275281648 535.886731268 659.753955386 812.252396356 1000 1165.91440118 1359.35639088 1584.89319246 1847.84979742 2154.43469003 2511.88643151 2928.64456463 3414.54887383 3981.07170553 4641.58883361 5411.69526546 6309.5734448 7356.4225446 8576.95898591 10000 11220.184543 12589.2541179 14125.3754462 15848.9319246 17782.7941004 19952.6231497 22387.2113857 25118.8643151 28183.8293126 31622.7766017 35481.3389234 39810.7170553 44668.3592151 50118.7233627 56234.132519 63095.734448 70794.5784384 79432.8234724 89125.0938134 100000 112201.84543 125892.541179 141253.754462 158489.319246 177827.941004 199526.231497 223872.113857 251188.643151 281838.293126 316227.766017 354813.389234 398107.170553 446683.592151 501187.233627 562341.32519 630957.34448 707945.784384 794328.234724 891250.938134 1000000]"
"rev_direct","[0 0 0 0 0 0 0 0 0 25 25 25 25 25 25 25 25 25 25 25.0018285203 25.0022289911 25.0027171705 25.0033122678 25.0040376995 25.0049220106 75.0059999978 75.0407161652 75.2762978898 76.8747980714 76.8748020308 76.8748059126 76.8748097182 76.8748134492 76.8748171071 76.8748206932 151.874824209 152.30813455 152.841580383 153.498296885 154.30676166 155.302027105 156.52723643 158.035488283 159.892129688 162.177575011 189.990770572 192.476415937 195.373953517 198.751551769 202.688632589 207.277719558 212.626586565 218.860754555 226.126391372 234.593677887 244.460712808 255.95803898 269.353885507 284.960232757 303.139821201 349.3142399 367.456375189 387.794159219 410.591279103 436.142607555 464.77777642 496.865131979 532.816105881 573.090036744 618.199478042 668.716027708 725.276713621 788.590966394 859.448206172 938.726062918 1027.399239 1126.549008 1237.373323 1361.19748017 1499.48524632 1703.85031116 1876.06786182 2068.08599575 2282.03658378 2520.24506119 2785.23845436 3079.75073451 3406.72431712 3769.30618055 4170.83664428 4614.82830248 5104.93192655 5644.88529614 6238.4398515 6889.25872813 7600.77807503 8376.0214901 9217.3548342 10126.1654869 11102.4461333 12144.2582381]"
"rev_no_rockets","[0 0 0 0 0 0 0 0 0 44.2375 63.475 82.7125 101.95 121.1875 140.425 159.6625 178.9 198.1375 217.375 236.623312651 255.863180769 275.103567537 294.344586547 313.586376268 332.829105497 440.547979998 498.465768744 557.571363497 624.737298071 663.212302031 701.687305913 740.162309718 778.637313449 817.112317107 855.587320693 1026.77482421 1125.52505246 1224.86761925 1324.93942975 1425.90902885 1527.98391199 1631.41952469 1736.53034038 1843.7034962 1953.41557662 2072.01577057 2163.6793073 2257.78351952 2354.73318005 2455.00016266 2559.13455621 2667.77761657 2781.67685897 2901.70364337 3028.87366258 3106.65830985 3194.14998004 3292.95694839 3404.95357429 3532.32419846 3721.8517399 3868.39647601 4028.10968771 4202.59394949 4393.6463904 4584.04470162 4795.28595811 5029.90358501 5290.73783677 5580.97269838 5904.17716325 6264.35139227 6665.97831337 7114.08128032 7614.28847475 8172.90480566 8796.99213682 9494.45875391 10274.1590701 11146.0046604 12190.3253112 13300.29387 14539.7912807 15924.3382876 17471.2828896 19200.0077063 21132.1589958 23291.8991084 25706.1841808 28405.0688477 31422.0396579 34794.3787131 38563.5587659 42775.670593 47481.8828465 52738.9337416 58609.6527783 65163.5091433 72477.1813861 80635.1402738 89691.7582381]"
"rev_pgm","[0 0 0 0 0 0 0 0 0 25 25 25 25 25 25 25 25 25 25 25 25 25 25 25 25 75 75 75 75 75 75 75 75 75 75 150 150 150 150 150 150 150 150 150 150 175 175 175 175 175 175 175 175 175 175 175 175 175 175 175 200 200 200 200 200 200 200 200 200 200 200 200 200 200 200 200 200 200 200 200 250 250 250 250 250 250 250 250 250 250 250 250 250 250 250 250 250 250 250 250 250]"
"rev_reo","[0 0 0 0 0 0 0 0 0 0 0 0 0 0 0 0 0 0 0 0.0018285202518 0.00222899109935 0.00271717050568 0.00331226783137 0.00403769954403 0.00492201062985 0.00599999780569 0.0407161651814 0.276297889752 1.87479807145 1.87480203083 1.87480591258 1.87480971821 1.87481344923 1.87481710709 1.87482069322 1.87482420904 2.30813455025 2.84158038308 3.49829688538 4.30676165952 5.30202710461 6.52723643013 8.03548828263 9.89212968829 12.1775750106 14.9907705719 17.4764159373 20.3739535172 23.751551769 27.6886325888 32.2777195579 37.6265865655 43.8607545549 51.1263913721 59.593677887 69.4607128078 80.9580389802 94.3538855071 109.960232757 128.139821201 149.3142399 167.456375189 187.794159219 210.591279103 236.142607555 264.77777642 296.865131979 332.816105881 373.090036744 418.199478042 468.716027708 525.276713621 588.590966394 659.448206172 738.726062918 827.399239003 926.549007998 1037.373323 1161.19748017 1299.48524632 1453.85031116 1626.06786182 1818.08599575 2032.03658378 2270.24506119 2535.23845436 2829.75073451 3156.72431712 3519.30618055 3920.83664428 4364.82830248 4854.93192655 5394.88529614 5988.4398515 6639.25872813 7350.77807503 8126.0214901 8967.3548342 9876.16548688 10852.4461333 11894.2582381]"
"rev_total","[-1.3167 -1.3167 -1.3167 -1.3167 -1.3167 -1.3167 -1.3167 -1.68245 -1.68245 40.65315 59.89065 79.12815 97.2684 116.5059 135.7434 157.83375 177.07125 196.30875 215.54625 234.794562651 254.034430769 273.274817537 291.052836547 310.294626268 329.537355497 425.917979998 286.330768744 345.436363497 324.822298071 363.297302031 511.497305913 549.972309718 588.447313449 626.922317107 665.397320693 -289.925175791 -191.174947542 -91.8323807479 8.23942975445 109.20902885 650.183911991 753.619524688 858.730340377 965.9034962 1075.61557662 -122.484229428 -30.8206926958 63.2835195249 160.233180053 260.500162659 364.634556213 473.277616568 1318.67685897 1438.70364337 1565.87366258 1643.65830985 1731.14998004 1829.95694839 1941.95357429 2069.32419846 2624.6017399 2771.14647601 2930.85968771 3105.34394949 3296.3963904 3486.79470162 3698.03595811 3932.65358501 4193.48783677 4483.72269838 5172.67716325 5532.85139227 5934.47831337 6382.58128032 6882.78847475 7441.40480566 8065.49213682 8762.95875391 9542.65907009 10414.5046604 9776.37531116 10886.34387 12125.8412807 13510.3882876 15057.3328896 16786.0577063 18718.2089958 20877.9491084 23292.2341808 25991.1188477 29008.0896579 32380.4287131 36149.6087659 40361.720593 45067.9328465 50324.9837416 56195.7027783 62749.5591433 70063.2313861 78221.1902738 87277.8082381]"
"rev_total_h2scaled","[-1.3167 -1.3167 -1.3167 -1.3167 -1.3167 -1.3167 -1.3167 -1.68245 -1.68245 156.07815 290.74065 425.40315 558.9684 693.6309 828.2934 965.80875 1100.47125 1235.13375 1369.79625 1504.46956265 1639.13443077 1773.79981754 1907.00283655 2041.66962627 2176.3373555 2618.99298 2825.68076874 3231.0613635 3556.72229807 3826.04730203 4205.09730591 4474.42230972 4743.74731345 5013.07231711 5282.39732069 4904.19982421 5580.07505246 6256.54261925 6933.73942975 7611.83402885 8729.93391199 9410.49452469 10092.7303404 10777.0284962 11463.8655766 10727.4657706 11280.8293073 11836.6335195 12395.2831801 12957.2501627 13523.0845562 14093.4276166 15400.526859 15982.2536434 16571.1236626 16764.3333098 16967.24998 17181.4819484 17408.9035743 17651.6991985 18437.8267399 18815.221476 19205.7846877 19611.1189495 20033.0213904 20338.8447016 20665.5109581 21015.553585 21391.8128368 21797.4726984 22601.8521633 23077.4513923 23594.5033134 24158.0312803 24773.6634748 25447.7048057 26187.2171368 27000.1087539 27895.2340701 28882.5046604 28475.2253112 29816.04387 31286.3912807 32901.7882876 34679.5828896 36639.1577063 38802.1589958 41192.7491084 43837.8841808 46767.6188477 50015.4396579 53618.6287131 57618.6587659 62061.620593 66998.6828465 72486.5837416 78588.1527783 85372.8591433 92917.3813861 101306.190274 110362.808238]"
"scc",190
"sens_delta","[-1.00290681222 -0.418819226097 0.418819226097 -0.371880893549 0.286325270387 0.196117609095 -0.0235588105219 0.0192274806425 0.0103296323058]"
"sort_idx","[3 5 6 7 4 8 1 9 2]"
"supply_fraction","[0 0 0 0 0 0 0 0 0 0 0 0 0 0 0 0 0 0 0 2.09192117206e-07 2.50007889438e-07 2.9878728518e-07 3.5708409837e-07 4.26755285894e-07 5.10020118146e-07 6.09530870528e-07 4.05519934515e-06 2.69791777972e-05 0.00017949204778 0.000175972595862 0.000172522152806 0.000169139365496 0.000165822907349 0.000162571477793 0.000159383801758 0.000156258629175 0.000188604841515 0.000227646859766 0.000274770744722 0.00033164947776 0.00040030235464 0.000483166674082 0.000583184266187 0.000703905932614 0.000849617506332 0.00102549200627 0.00117219205727 0.00133987803972 0.00153155206111 0.0017506456904 0.00200108139392 0.00228734275991 0.00261455476883 0.00298857554672 0.00341610124406 0.00390478591797 0.00446337856401 0.00510187975068 0.00583172066119 0.00666596774758 0.00761955666148 0.00838165018409 0.00921996684712 0.0101421303436 0.011156526874 0.0122723814104 0.0134998415889 0.014850069993 0.0163353456665 0.0179691757796 0.0197664184641 0.0217434179335 0.0239181531186 0.0263104011685 0.028941917305 0.0318366326658 0.0350208719352 0.0385235927422 0.0423766490027 0.0466150806005 0.0512774320417 0.0564061029804 0.0620477338032 0.0682536297792 0.0750802276327 0.0825896087814 0.0908500639082 0.0999367139995 0.1099321935 0.120927401793 0.133022329845 0.14632696953 0.160962313897 0.17706145749 0.194770806715 0.214251411268 0.235680428728 0.259252735638 0.28518269972 0.313706129346 0.345082417994]"
"tanker_ratio",14
"total_cost_100yr",5433877.36454
"total_earth_cargo",1491021
"total_flights",14910.21
"total_launches","[2.52 2.52 2.52 2.52 2.52 2.52 2.52 3.22 3.22 6.86 6.86 6.86 8.96 8.96 8.96 3.5 3.5 3.5 3.5 3.5 3.5 3.5 6.3 6.3 6.3 28 406 406 574 574 364 364 364 364 364 2520 2520 2520 2520 2520 1680 1680 1680 1680 1680 4200 4200 4200 4200 4200 4200 4200 2800 2800 2800 2800 2800 2800 2800 2800 2100 2100 2100 2100 2100 2100 2100 2100 2100 2100 1400 1400 1400 1400 1400 1400 1400 1400 1400 1400 4620 4620 4620 4620 4620 4620 4620 4620 4620 4620 4620 4620 4620 4620 4620 4620 4620 4620 4620 4620 4620]"
"total_rev_100yr",889678.433542
"y",100
"y0",80
"y1",100
