key,value,source,comparable
CH4_sab_A,0.9674125,matlab_r2025a;octave_agrees,yes
CH4_sab_B,1.45203373016,matlab_r2025a;octave_agrees,yes
CH4_sab_C,0.856487162009,matlab_r2025a;octave_agrees,yes
CO2_crew,4,matlab_r2025a;octave_agrees,yes
CO2_per_CM,1,matlab_r2025a;octave_agrees,yes
CO2_remaining_A,1.345646875,matlab_r2025a;octave_agrees,yes
CO2_remaining_B,0.0159598214286,matlab_r2025a;octave_agrees,yes
CO2_remaining_C,1.65,matlab_r2025a;octave_agrees,yes
CO2_sab_A,2.654353125,matlab_r2025a;octave_agrees,yes
CO2_sab_B,3.98404017857,matlab_r2025a;octave_agrees,yes
CO2_sab_C,2.35,matlab_r2025a;octave_agrees,yes
D_enclosing,9,matlab_r2025a;octave_agrees,yes
D_fairing,8,matlab_r2025a;octave_agrees,yes
D_module,4.5,matlab_r2025a;octave_agrees,yes
GH_CO2_high,1.9,matlab_r2025a;octave_agrees,yes
GH_CO2_low,1.4,matlab_r2025a;octave_agrees,yes
GH_CO2_nom,1.65,matlab_r2025a;octave_agrees,yes
GH_O2_nom,1.2,matlab_r2025a;octave_agrees,yes
H2O_OGA_A,2.173059375,matlab_r2025a;octave_agrees,yes
H2O_balance_A,4.019459375,matlab_r2025a;octave_agrees,yes
H2O_balance_B,5.10804434524,matlab_r2025a;octave_agrees,yes
H2O_balance_C,3.77029229721,matlab_r2025a;octave_agrees,yes
H2O_consumed_OGA_A,4.34611875,matlab_r2025a;octave_agrees,yes
H2O_consumed_OGA_B,6.52328869048,matlab_r2025a;octave_agrees,yes
H2O_consumed_OGA_C,3.84778459441,matlab_r2025a;octave_agrees,yes
H2O_crew,20,matlab_r2025a;octave_agrees,yes
H2O_per_CM,5,matlab_r2025a;octave_agrees,yes
H2O_recoverable_per_CM,4.88,matlab_r2025a;octave_agrees,yes
H2O_sab_A,2.173059375,matlab_r2025a;octave_agrees,yes
H2O_sab_B,3.26164434524,matlab_r2025a;octave_agrees,yes
H2O_sab_C,1.92389229721,matlab_r2025a;octave_agrees,yes
H2_OGA_A,0.48636,matlab_r2025a;octave_agrees,yes
H2_OGA_B,0.73,matlab_r2025a;octave_agrees,yes
H2_OGA_C,0.430593047035,matlab_r2025a;octave_agrees,yes
H2_per_day,407.481582699,matlab_r2025a;octave_agrees,yes
H2_total,148730.777685,matlab_r2025a;octave_agrees,yes
H_stacked,22,matlab_r2025a;octave_agrees,yes
LH2_30day,11365.9491194,matlab_r2025a;octave_agrees,yes
LH2_DART,2142.85714286,matlab_r2025a;octave_agrees,yes
LH2_total,13508.8062622,matlab_r2025a;octave_agrees,yes
L_fairing,22,matlab_r2025a;octave_agrees,yes
L_module,11,matlab_r2025a;octave_agrees,yes
M_CH4,16.04,matlab_r2025a;octave_agrees,yes
M_CO2,44.01,matlab_r2025a;octave_agrees,yes
M_H2,2.016,matlab_r2025a;octave_agrees,yes
M_H2O,18.015,matlab_r2025a;octave_agrees,yes
M_O2,32,matlab_r2025a;octave_agrees,yes
M_module_max,23000,matlab_r2025a;octave_agrees,yes
M_starship_lunar,50000,matlab_r2025a;octave_agrees,yes
O2_OGA_A,3.86,matlab_r2025a;octave_agrees,yes
O2_OGA_B,5.79365079365,matlab_r2025a;octave_agrees,yes
O2_OGA_C,3.4174051352,matlab_r2025a;octave_agrees,yes
O2_crew,3.36,matlab_r2025a;octave_agrees,yes
O2_per_CM,0.84,matlab_r2025a;octave_agrees,yes
O2_surplus_A,1.7,matlab_r2025a;octave_agrees,yes
O2_surplus_B,3.63365079365,matlab_r2025a;octave_agrees,yes
O2_surplus_C,1.2574051352,matlab_r2025a;octave_agrees,yes
O2_total,1180402.9975,matlab_r2025a;octave_agrees,yes
P_ISRU_total,1627.41234702,matlab_r2025a;octave_agrees,yes
P_LH2_liq,254.675989187,matlab_r2025a;octave_agrees,yes
P_LOX_liq,101.870395675,matlab_r2025a;octave_agrees,yes
P_OGA_A,1.0639125,matlab_r2025a;octave_agrees,yes
P_OGA_B,1.596875,matlab_r2025a;octave_agrees,yes
P_OGA_C,0.941922290389,matlab_r2025a;octave_agrees,yes
P_electrolysis_new,891.365962155,matlab_r2025a;octave_agrees,yes
P_kW,976.257958551,matlab_r2025a;octave_agrees,yes
P_other,30,matlab_r2025a;octave_agrees,yes
P_pipeline,59.5,matlab_r2025a;octave_agrees,yes
P_purification,15,matlab_r2025a;octave_agrees,yes
P_sublimation,275,matlab_r2025a;octave_agrees,yes
R_inner,2100,matlab_r2025a;octave_agrees,yes
V_needed,190.802348337,matlab_r2025a;octave_agrees,yes
V_sphere,65.4498469498,matlab_r2025a;octave_agrees,yes
V_target,87.5,matlab_r2025a;octave_agrees,yes
WRS_recovered,18.1536,matlab_r2025a;octave_agrees,yes
WRS_recovery,0.93,matlab_r2025a;octave_agrees,yes
ceiling_y,2100,matlab_r2025a;octave_agrees,yes
chord_berth,2939.38769134,matlab_r2025a;octave_agrees,yes
chord_floor,2465.76560119,matlab_r2025a;octave_agrees,yes
chord_mezz,4079.21561087,matlab_r2025a;octave_agrees,yes
d_needed,5.50811683353,matlab_r2025a;octave_agrees,yes
d_sphere,5,matlab_r2025a;octave_agrees,yes
h_2920,3209.43698113,matlab_r2025a;octave_agrees,yes
headroom_above_mezz,1600,matlab_r2025a;octave_agrees,yes
headroom_below_mezz,2200,matlab_r2025a;octave_agrees,yes
i,4,matlab_r2025a;octave_agrees,yes
kWh_per_kg_H2,[50 52.5 55 57.5],matlab_r2025a;octave_agrees,yes
mol_CO2_A,60.3125,matlab_r2025a;octave_agrees,yes
mol_CO2_B,90.5257936508,matlab_r2025a;octave_agrees,yes
mol_CO2_C,53.3969552374,matlab_r2025a;octave_agrees,yes
mol_H2_A,241.25,matlab_r2025a;octave_agrees,yes
mol_H2_B,362.103174603,matlab_r2025a;octave_agrees,yes
mol_H2_C,213.58782095,matlab_r2025a;octave_agrees,yes
n_MI,170,matlab_r2025a;octave_agrees,yes
n_crew,4,matlab_r2025a;octave_agrees,yes
n_stacks,17,matlab_r2025a;octave_agrees,yes
prop_from_H2,1041115.4438,matlab_r2025a;octave_agrees,yes
prop_from_O2,1377136.83042,matlab_r2025a;octave_agrees,yes
rho_LH2,70.8,matlab_r2025a;octave_agrees,yes
total_water,1329060,matlab_r2025a;octave_agrees,yes
usable_prop,1041115.4438,matlab_r2025a;octave_agrees,yes
water_per_MI,7818,matlab_r2025a;octave_agrees,yes
water_yr,968000,matlab_r2025a;octave_agrees,yes
y_2920,1509.43698113,matlab_r2025a;octave_agrees,yes
y_berth_head,1500,matlab_r2025a;octave_agrees,yes
y_floor,-1700,matlab_r2025a;octave_agrees,yes
y_mezz,500,matlab_r2025a;octave_agrees,yes
